Nikolay,224619702, /hello
Nikolay,224619702, /time
Nikolay,224619702, /hello
Nikolay,224619702, /hello
Nikolay,224619702, /hello
Nikolay,224619702, /hello
Nikolay,224619702, /1
Nikolay,224619702, /1
Nikolay,224619702, /1
Nikolay,224619702, /1
Nikolay,224619702, /1
Nikolay,224619702, /1
Nikolay,224619702, /1
Nikolay,224619702, /1
Nikolay,224619702, /1
Nikolay,224619702, /2
Nikolay,224619702, /2
Nikolay,224619702, /2
Nikolay,224619702, /2
Nikolay,224619702, /2
Nikolay,224619702, /2
Nikolay,224619702, /2
Nikolay,224619702, /2
Nikolay,224619702, /2
Nikolay,224619702, /2
Nikolay,224619702, /hello
Nikolay,224619702, /1
Nikolay,224619702, /2 Иванов
Nikolay,224619702, /1
Nikolay,224619702, /1
Nikolay,224619702, /2 Иванов
Nikolay,224619702, /2
Nikolay,224619702, /2 Иванов
Nikolay,224619702, /2 срса
Nikolay,224619702, /hello
Nikolay,224619702, /help
Nikolay,224619702, /hello
Nikolay,224619702, /hello
Nikolay,224619702, /hello
Nikolay,224619702, /start
Nikolay,224619702, /start
Nikolay,224619702, /start
Nikolay,224619702, /1
Nikolay,224619702, /1
Nikolay,224619702, /start
Nikolay,224619702, /start
Nikolay,224619702, /1
Nikolay,224619702, /1
Nikolay,224619702, /1
Nikolay,224619702, /1
Nikolay,224619702, /1
Nikolay,224619702, /1
Nikolay,224619702, /1
Nikolay,224619702, /1
Nikolay,224619702, /1
Nikolay,224619702, /1
Nikolay,224619702, /1
Nikolay,224619702, /1
